{"metadata":{"asset_id":"da8e6457-c2e3-43e6-b45b-836ffe3a1081","asset_attributes":["data_asset"],"name":"m5_survey_data_technologies_normalised.csv","asset_type":"data_asset","created_at":"2020-11-21T12:35:11Z","description":"","origin_country":"us","owner_id":"IBMid-550005WG10","project_id":"4f24a923-bc8a-44db-a077-105df65356d2","size":4172595,"tags":[],"usage":{"last_update_time":1605962491578,"last_updated_at":"2020-11-21T12:41:31Z"}},"entity":{"data_asset":{"mime_type":"text/csv","dataset":false,"schema":{"etag":"\"9f42c66ef065482a77de5a9a0a249fcf\"","valid_since":"Sat, 21 Nov 2020 12:35:10 GMT","fields":[{"name":"Respondent","type":"integer","format":"default"},{"name":"LanguageWorkedWith","type":"string","format":"default"},{"name":"LanguageDesireNextYear","type":"string","format":"default"},{"name":"DatabaseWorkedWith","type":"string","format":"default"},{"name":"DatabaseDesireNextYear","type":"string","format":"default"},{"name":"PlatformWorkedWith","type":"string","format":"default"},{"name":"PlatformDesireNextYear","type":"string","format":"default"},{"name":"WebFrameWorkedWith","type":"string","format":"default"},{"name":"WebFrameDesireNextYear","type":"string","format":"default"},{"name":"DevEnviron","type":"string","format":"default"},{"name":"OpSys","type":"string","format":"default"},{"name":"Containers","type":"string","format":"default"},{"name":"BlockchainOrg","type":"string","format":"default"},{"name":"BlockchainIs","type":"string","format":"default"}]}}},"attachments":[{"id":"b5d7aafa-a086-43b9-b4f2-dc9c3d7c8dbd","version":2,"asset_type":"data_asset","name":"m5_survey_data_technologies_normalised.csv","mime":"text/csv","datasource_type":"193a97c1-4475-4a19-b90c-295c4fdc6517","object_key":"m5_survey_data_technologies_normalised.csv","creator_id":"IBMid-550005WG10","create_time":1605962113295,"size":4172595,"is_remote":false,"is_managed":false,"is_referenced":true,"is_object_key_read_only":true,"is_user_provided_path_key":true,"transfer_complete":true,"is_partitioned":false,"complete_time_ticks":1605962113295,"user_data":{},"test_doc":0,"handle":{"bucket":"zz-donotdelete-pr-ywxbovysyou2w5","location":"us-geo","key":"m5_survey_data_technologies_normalised.csv","upload_id":"done","max_part_num":1},"usage":{"access_count":0,"last_accessor_id":"IBMid-550005WG10","last_access_time":1605962113295}}]}
