{"metadata":{"asset_id":"8a2c2cca-e556-45be-bad1-3f52cb91bdfc","asset_attributes":["notebook"],"name":"Stage 2: Data Wrangling","asset_type":"notebook","created_at":"2020-11-23T11:08:55Z","description":"Hands-on Lab 6-10:\nFinding Duplicates\nRemoving Duplicates\nFinding Missing Values\nImputing Missing Values\nNormalizing Data","origin_country":"us","owner_id":"IBMid-550005WG10","project_id":"4f24a923-bc8a-44db-a077-105df65356d2","size":54287,"tags":["notebook"],"usage":{"last_update_time":1606129805668,"last_updated_at":"2020-11-23T11:10:05Z"}},"entity":{"notebook":{"kernel":"","originates_from":{"type":"file"},"runtime":{"environment":"conda2py37-4f24a923-bc8a-44db-a077-105df65356d2"}}},"attachments":[{"id":"16dbbefb-7a55-46d1-b608-cf5cd160ac13","version":2,"asset_type":"notebook","name":"attachment for notebook 8a2c2cca-e556-45be-bad1-3f52cb91bdfc","description":"attachment for notebook 8a2c2cca-e556-45be-bad1-3f52cb91bdfc","mime":"application/json","datasource_type":"193a97c1-4475-4a19-b90c-295c4fdc6517","object_key":"notebook/Hands-on_Lab_6-10__Data_Wrangling_h5KWZRYI3.ipynb","creator_id":"IBMid-550005WG10","create_time":1606129736760,"size":54287,"is_remote":false,"is_managed":false,"is_referenced":true,"is_object_key_read_only":false,"is_user_provided_path_key":true,"transfer_complete":true,"is_partitioned":false,"complete_time_ticks":1606129736760,"user_data":{},"test_doc":0,"handle":{"bucket":"zz-donotdelete-pr-ywxbovysyou2w5","location":"us-geo","key":"notebook/Hands-on_Lab_6-10__Data_Wrangling_h5KWZRYI3.ipynb","upload_id":"done","max_part_num":1},"usage":{"access_count":0,"last_accessor_id":"IBMid-550005WG10","last_access_time":1606129736760}}]}
