{"metadata":{"asset_id":"ad252f00-e3f3-445d-8127-e2861a1d7c8c","asset_attributes":["notebook"],"name":"Stage 4: Data Visualization","asset_type":"notebook","created_at":"2020-11-21T10:21:28Z","description":"Hands-on Lab 14-21:\nHistograms\nBox Plots\nScatter Plots\nBubble Plots\nPie Charts\nStacked Charts\nLine Charts\nBar Charts","origin_country":"us","owner_id":"IBMid-550005WG10","project_id":"4f24a923-bc8a-44db-a077-105df65356d2","size":9270,"tags":["notebook"],"usage":{"last_update_time":1606129837106,"last_updated_at":"2020-11-23T11:10:37Z"}},"entity":{"notebook":{"kernel":{"name":"python3","display_name":"Python 3.7","language":"python"},"originates_from":{"url":"https://cf-courses-data.s3.us.cloud-object-storage.appdomain.cloud/IBM-DA0321EN-SkillsNetwork/labs/module%204/M4DataVisualization-lab.ipynb","type":"url"},"runtime":{"environment":"conda2py37-4f24a923-bc8a-44db-a077-105df65356d2"}}},"attachments":[{"id":"a78d3431-ecd7-4f61-9381-da80a1f0ebdb","version":2,"asset_type":"notebook","name":"attachment for notebook ad252f00-e3f3-445d-8127-e2861a1d7c8c","description":"attachment for notebook ad252f00-e3f3-445d-8127-e2861a1d7c8c","mime":"application/json","datasource_type":"193a97c1-4475-4a19-b90c-295c4fdc6517","object_key":"notebook/Hands-on_Lab_14-21_Data_Visualization_qLUJe8mGT.ipynb","creator_id":"IBMid-550005WG10","create_time":1605954089308,"size":9270,"is_remote":false,"is_managed":false,"is_referenced":true,"is_object_key_read_only":false,"is_user_provided_path_key":true,"transfer_complete":true,"is_partitioned":false,"complete_time_ticks":1605954089308,"user_data":{},"test_doc":0,"handle":{"bucket":"zz-donotdelete-pr-ywxbovysyou2w5","location":"us-geo","key":"notebook/Hands-on_Lab_14-21_Data_Visualization_qLUJe8mGT.ipynb","upload_id":"done","max_part_num":1},"usage":{"access_count":0,"last_accessor_id":"IBMid-550005WG10","last_access_time":1605954089308}}]}
