{"metadata":{"asset_id":"74666c56-2253-4465-bbed-fe5530571754","asset_attributes":["notebook"],"name":"Stage 3: Exploratory Data Analysis  ","asset_type":"notebook","created_at":"2020-11-23T11:03:11Z","description":"Hands-on Lab 11-13:\nAnalyzing the data distribution\nHangling Outliers\nCorrelation","origin_country":"us","owner_id":"IBMid-550005WG10","project_id":"4f24a923-bc8a-44db-a077-105df65356d2","size":117901,"tags":["notebook"],"usage":{"last_update_time":1606129820914,"last_updated_at":"2020-11-23T11:10:20Z"}},"entity":{"notebook":{"kernel":"","originates_from":{"type":"file"},"runtime":{"environment":"conda2py37-4f24a923-bc8a-44db-a077-105df65356d2"}}},"attachments":[{"id":"93c87ebd-d2e3-4613-870c-6423f2c590ee","version":2,"asset_type":"notebook","name":"attachment for notebook 74666c56-2253-4465-bbed-fe5530571754","description":"attachment for notebook 74666c56-2253-4465-bbed-fe5530571754","mime":"application/json","datasource_type":"193a97c1-4475-4a19-b90c-295c4fdc6517","object_key":"notebook/Analyzing_the_data_distribution__Hangling_Outli..._sUkaCA6ke.ipynb","creator_id":"IBMid-550005WG10","create_time":1606129392190,"size":117901,"is_remote":false,"is_managed":false,"is_referenced":true,"is_object_key_read_only":false,"is_user_provided_path_key":true,"transfer_complete":true,"is_partitioned":false,"complete_time_ticks":1606129392190,"user_data":{},"test_doc":0,"handle":{"bucket":"zz-donotdelete-pr-ywxbovysyou2w5","location":"us-geo","key":"notebook/Analyzing_the_data_distribution__Hangling_Outli..._sUkaCA6ke.ipynb","upload_id":"done","max_part_num":1},"usage":{"access_count":0,"last_accessor_id":"IBMid-550005WG10","last_access_time":1606129392190}}]}
