{"metadata":{"asset_id":"04a64666-305b-4596-afb6-0c8d5cac9cf2","asset_attributes":["notebook"],"name":"Stage 1: Data Collection & Explore the Data Set","asset_type":"notebook","created_at":"2020-11-19T12:12:57Z","description":"Load the datase & Explore the dataset.","origin_country":"us","owner_id":"IBMid-550005WG10","project_id":"4f24a923-bc8a-44db-a077-105df65356d2","size":6151,"tags":["notebook"],"usage":{"last_update_time":1606129704220,"last_updated_at":"2020-11-23T11:08:24Z"}},"entity":{"notebook":{"kernel":{"name":"python3","display_name":"Python 3.7","language":"python"},"originates_from":{"url":"https://cf-courses-data.s3.us.cloud-object-storage.appdomain.cloud/IBM-DA0321EN-SkillsNetwork/labs/module%201/Exploring%20the%20dataset/M1ExploreDataSet-lab.ipynb","type":"url"},"runtime":{"environment":"conda2py37-4f24a923-bc8a-44db-a077-105df65356d2"}}},"attachments":[{"id":"053c22e9-ddc9-433e-91c1-41da4e94a4b7","version":2,"asset_type":"notebook","name":"attachment for notebook 04a64666-305b-4596-afb6-0c8d5cac9cf2","description":"attachment for notebook 04a64666-305b-4596-afb6-0c8d5cac9cf2","mime":"application/json","datasource_type":"193a97c1-4475-4a19-b90c-295c4fdc6517","object_key":"notebook/Hands-on_Lab_5__Explore_the_Data_Set_9XaKwh2qi.ipynb","creator_id":"IBMid-550005WG10","create_time":1605787978274,"size":6151,"is_remote":false,"is_managed":false,"is_referenced":true,"is_object_key_read_only":false,"is_user_provided_path_key":true,"transfer_complete":true,"is_partitioned":false,"complete_time_ticks":1605787978274,"user_data":{},"test_doc":0,"handle":{"bucket":"zz-donotdelete-pr-ywxbovysyou2w5","location":"us-geo","key":"notebook/Hands-on_Lab_5__Explore_the_Data_Set_9XaKwh2qi.ipynb","upload_id":"done","max_part_num":1},"usage":{"access_count":0,"last_accessor_id":"IBMid-550005WG10","last_access_time":1605787978274}}]}
